Name,Location,City,Phone,P.O BOX,Companylink
"Miyabi Sushi & Bento
","Next to Four Points by Sheraton, Behind UAE Exchange, Sh Zayed Road",Dubai,"04-3868444,800MIYABI",391073,/miyabi-sushi-bento-153749.html
"101 Parathas
","Near Grand Hotel, Abu Shagara",Sharjah,050-2563842,357347,/101-parathas-175272.html
"18 Buffet
",Al Garhoud,Dubai,06-5538106,644817,/18-buffet-147330.html
"18 Degree
","Hyatt Capital Gate, Al Arabi Street",Abu Dhabi,06-5538136,16935,/18-degree-175665.html
"24h.ae Online Food Delivery Services
",Al Barsha,Dubai,04-2999115,6744,/24h-ae-online-food-delivery-services-148551.html
"4 Guys
",Saadiyat Island,Dubai,02-5961440,18009,/4-guys-147691.html
"55 & 5th Restaurant
","Boutique 11, Tiffany Tower, JLT",Abu Dhabi,04-4572307,56484,/55-5th-restaurant-175732.html
"77 Veggie Boutique
","Dhow Palace Hotel, Bur Dubai",Dubai,04-4357377,63788,/77-veggie-boutique-152094.html
"800 Pizza
",Sanaiya,Dubai,02-4988008,82122,/800-pizza-175280.html
"Aangan Restaurant
","Next to Al Shook Recording, Al Sham",Dubai,04-4224116,37471,/aangan-restaurant-175630.html
"Abdul Aziz Restaurant
","US Accommodation, JAFZA",Al Ain,80074992,456,/abdul-aziz-restaurant-131916.html
Name,Location,City,Phone,P.O BOX,Companylink
"Abu Shakra Restaurant
",Istiqlal St,Abu Dhabi,02-6313400,8090,/abu-shakra-restaurant-128470.html
"Accuro Specialist Support Services
",Dubai Investment Park - 2,Dubai,04-8071900,283923,/accuro-specialist-support-services-160593.html
"Afamia Al Shaam
",Khalifa,Abu Dhabi,02-5526630,55204,/afamia-al-shaam-102712.html
"Afdal Restaurant and Grill
",Muroor Rd,Abu Dhabi,02-4493916,40179,/afdal-restaurant-and-grill-123500.html
"Afghan Darbar Restaurant LLC
","Near Mubarak Centre, Al Nabbah Area",Sharjah,06-5638761,124145,/afghan-darbar-restaurant-llc-147100.html
"Agemono Restaurant
","Al Khail Mall, Al Quoz Indl Area",Dubai,04-3397925,70112,/agemono-restaurant-132116.html
"Ahl Almandi Restaurant
","Near NMC Hospital, Amman Rd, Al Nahda 2",Dubai,04-2574448,4862,/ahl-almandi-restaurant-68506.html
"Ahmed Al Arab Restaurant
",Muroor Rd,Abu Dhabi,02-4431848,2,/ahmed-al-arab-restaurant-118134.html
"Airlines Restaurant
",Hamdan St,Abu Dhabi,02-6335214,2907,/airlines-restaurant-104292.html
"Ajman Spring Restaurant & Grills
",Opp Ajman Traffic Police Dept,Ajman,06-7462277,25361,/ajman-spring-restaurant-grills-176924.html
"Akher Saa Restaurant
",Jamal Abdul Nasir Street,Sharjah,06-5501999,30459,/akher-saa-restaurant-103615.html
"Al Abraj Restaurant
","Bhnd Joy Alukkas, Rolla",Sharjah,06-5615335,12242,/al-abraj-restaurant-68587.html
"Al Afghani Al Khas Lil Kabab Restaurant LLC
","Fathima Hamdan Bin Kadim Bldg, Al Qasimiya St, Abu Shaghara",Sharjah,06-5506674,19492,/al-afghani-al-khas-lil-kabab-restaurant-llc-103485.html
Name,Location,City,Phone,P.O BOX,Companylink
"Al Aumdah Restaurant
","Al Mamzar Building, Abu Hail",Dubai,04-2667749,71955,/al-aumdah-restaurant-175275.html
"Al Ayoubia Restaurant
",Al Nasr St,Abu Dhabi,050-3799440,4612,/al-ayoubia-restaurant-138785.html
"Al Badawi Restaurant
",Jamal Abdul Nasir Street,Sharjah,02-6215242,70803,/al-badawi-restaurant-103619.html
"Al Bait Al Malaky Mandi Restaurant
","Opp Safeer Mall, Ittihad Road",Sharjah,06-5444066,51845,/al-bait-al-malaky-mandi-restaurant-175596.html
"Al Banadir Family Restaurant LLC
","Near Manama Center, Fire Stn R/A",Sharjah,06-5256663,6006,/al-banadir-family-restaurant-llc-151044.html
"Al Barakah Restaurant
","Near Natl S/Market, Rams Rd",Ras Al Khaimah,05-5350075,505,/al-barakah-restaurant-134324.html
"Al Bawadir Restaurant
",Mussafah Indl Area,Sharjah,06-5628928,4803,/al-bawadir-restaurant-147687.html
"Al Bayan Purification and Potable Water LLC
","Near Immigration Office, Al Kuwait Rd",Abu Dhabi,07-2238349,37137,/al-bayan-purification-and-potable-water-llc-106237.html
"Al Bustan Hotel
",Al Etihad Rd,Sharjah,06-5515957,1199,/al-bustan-hotel-113458.html
"Al Bustan Restaurant
","Near Moonlight S/Market, Julphar Rd, Julan",Umm Al Quwain,02-5510370,3232,/al-bustan-restaurant-149782.html
"Al Daba Restaurant
",Garhoud,Ras Al Khaimah,06-5731555,18977,/al-daba-restaurant-138076.html
Name,Location,City,Phone,P.O BOX,Companylink
"Al Fareej Restaurant
","Near Etisalat Office, Hamdan Street",Abu Dhabi,02-6393335,10308,/al-fareej-restaurant-175552.html
"Al Faris Restaurant
","Opp Old Fire Brigade, Al Muntazar Rd",Ras Al Khaimah,055-3735435,36874,/al-faris-restaurant-134642.html
"Al Fujairah Restaurant
",Electra Rd,Abu Dhabi,07-2285682,13227,/al-fujairah-restaurant-138806.html
"Al Fursan
","Near Fire Station, Dibba",Fujairah,02-6782973,5410,/al-fursan-146592.html
"Al Ghub Restaurant
","Bin Sultan Rd, Mamourah",Ras Al Khaimah,09-2443211,96159,/al-ghub-restaurant-134251.html
"Al Grissino
",DIFC,Dubai,07-2282959,57671,/al-grissino-175790.html
"Al Habsha Restaurant
","Behind KIA Showroom, TCA",Abu Dhabi,04-3524000,4602,/al-habsha-restaurant-175521.html
"Al Hadheeth Restaurant
","Near Rotana Hotel, Nabaa",Sharjah,02-6770014,40350,/al-hadheeth-restaurant-148166.html
"Al Hajis Cafeteria and Restaurant
","Sunshine Bldg, Near Al Tayer Motors, Al Garhoud",Dubai,06-5632275,6487,/al-hajis-cafeteria-and-restaurant-136247.html
"Al Hakorah Restaurant & Catering
",Salam St,Abu Dhabi,04-2868244,213,/al-hakorah-restaurant-catering-164760.html
"Al Hallab Restaurant and Sweets LLC
",Al Garhoud,Dubai,02-6447979,480,/al-hallab-restaurant-and-sweets-llc-128203.html
"Al Hamadi Restaurant
","Al Hamra, Jazeera",Ras Al Khaimah,04-2823388,4362,/al-hamadi-restaurant-135408.html
Name,Location,City,Phone,P.O BOX,Companylink
"Al Irshad Restaurant
",Khabisi Area,Al Ain,03-7620492,67394,/al-irshad-restaurant-129163.html
"Al Ishbaa Restaurant
",Near Mussalla Park,Sharjah,06-5620410,21984,/al-ishbaa-restaurant-144273.html
"Al Islami Foods Co, ( Al Farooj Head Office)
","Near Old Honda S/R, Abu Shagara",Jebel Ali,06-5447373,5060,/al-islami-foods-co-al-farooj-head-office--146310.html
"Al Joory Hyderabadi Restaurant
","Opp Sadaf Rest, Al Marija St, Mena Rd",Sharjah,050-6424016,5060,/al-joory-hyderabadi-restaurant-175363.html
"Al Kabab Al Afghani Al Jadeed Restaurant
","Near Zulekha Hospital, Al Zahra St, Nasiriya",Sharjah,06-0522554,21107,/al-kabab-al-afghani-al-jadeed-restaurant-147102.html
"Al Kabab Al Laziz Afghani Rest LLC
",Al Diyafa,Sharjah,06-5656127,20164,/al-kabab-al-laziz-afghani-rest-llc-148016.html
"Al Karnak
","Al Mamzar Building, Bhnd Public Library",Dubai,04-3980123,387,/al-karnak-103610.html
"Al Khaial Cafeteria & Restaurant
",Deira,Dubai,04-2628781,23935,/al-khaial-cafeteria-restaurant-172954.html
"Al Khaja Group
",Al Buhaira,Dubai,052-4507925,102995,/al-khaja-group-152652.html
"Al Khaja Hospitality
","Near Sahara Centre, Al Nahda St",Dubai,04-3808787,25648,/al-khaja-hospitality-113662.html
Name,Location,City,Phone,P.O BOX,Companylink
"Al Manbar Restaurant & Cafeteria
","Near Fair Point, Kalba Rd, Indl Area 17",Sharjah,06-5359454,42756,/al-manbar-restaurant-cafeteria-147657.html
"Al Mansoori Restaurant
",Khalidiya,Abu Dhabi,02-6219001,82999,/al-mansoori-restaurant-126752.html
"Al Marasim Al Afghani Restaurant
","Near KM Trading, Opp Tasheel. Abu Shagara",Sharjah,06-5599356,7978,/al-marasim-al-afghani-restaurant-175591.html
"Al Mathaq Al Shamsi Restaurant
","Frij Murar, Deira",Dubai,055-5591417,7135,/al-mathaq-al-shamsi-restaurant-175204.html
"Al Mayass Restaurant
",Abu Dhabi Corniche,Abu Dhabi,04-2711945,16837,/al-mayass-restaurant-175666.html
"Al Minar Restaurant
",Deira,Dubai,050-1596211,85549,/al-minar-restaurant-147690.html
"Al Misyal Bar
",Liwa,Abu Dhabi,02-6440440,12134,/al-misyal-bar-151062.html
"Al Mobile Restaurant
","Bhnd Central Bank, Abu Shagara",Sharjah,04-2222622,13124,/al-mobile-restaurant-148303.html
"Al Nafoora Restaurant - Coral Deira Dubai
",Al Muraqabbat Road,Dubai,02-8822000,16837,/al-nafoora-restaurant-coral-deira-dubai-148974.html
"Al Nahda Palace LLC
",Al Nahda,Sharjah,06-5593398,11780,/al-nahda-palace-llc-103632.html
Name,Location,City,Phone,P.O BOX,Companylink
"Al Qantarah Restaurant
",Al Nahda,Sharjah,06-5316696,1259,/al-qantarah-restaurant-147668.html
"Al Qasaba Restaurant
",Al Zahara,Ajman,06-7431383,45240,/al-qasaba-restaurant-117300.html
"Al Qasr Grills
",TCA,Abu Dhabi,02-6449933,36093,/al-qasr-grills-102718.html
"Al Qubtan Restaurant
",Al Nahda,Dubai,04-2850530,2601,/al-qubtan-restaurant-151882.html
"Al Rabash Mandi Restaurant
","Behind First Abu Dhabi Bank, Near Al Noor Hospital, Khalifa Street, Al Markaziya",Dubai,04-2344455,13135,/al-rabash-mandi-restaurant-68521.html
"Al Raousha Restaurant & Grills
",Liwa,Abu Dhabi,02-6272637,12116,/al-raousha-restaurant-grills-175535.html
"Al Rawaq
",Al Quoz,Abu Dhabi,02-8822000,46127,/al-rawaq-151063.html
Name,Location,City,Phone,P.O BOX,Companylink
"Al Shaki Restaurant
","Oman Rd, Al Nakheel",Ras Al Khaimah,07-2288354,11598,/al-shaki-restaurant-138414.html
"Al Sham Rose Restaurant
","Next to Dubai Women's College, Bhnd NMC, Al Qusais",Dubai,04-2677917,233485,/al-sham-rose-restaurant-144665.html
"Al Sham Village Restaurant
","Jumeirah Beach Road, Umm Suqeim 2",Dubai,04-3399517,41230,/al-sham-village-restaurant-175540.html
"Al Shamah Cafeteria
","Near Al Wafa Centre, Muweilah",Sharjah,06-5356366,41230,/al-shamah-cafeteria-147659.html
"Al Shameat Restaurant
","Near Al Waheda Post, Jamal Abdel Naser St",Sharjah,06-5535505,50589,/al-shameat-restaurant-146794.html
"Al Shami Corner Rest
",Jamal Abdul Nasir St,Sharjah,06-5558086,238888,/al-shami-corner-rest-147658.html
"Al Shater Hassan Restaurant
",Khalifa St,Abu Dhabi,02-6416616,55104,/al-shater-hassan-restaurant-145666.html
"Al Sheraa Al Dahbi Seafood Restaurant
",Khalfa Street A Noor Hosptal Bldg.,Abu Dhabi,02-6277204,70070,/al-sheraa-al-dahbi-seafood-restaurant-142541.html
"Al Sheraa Al Dhabi Restaurant
",Khalifa St,Abu Dhabi,050-8383454,1063,/al-sheraa-al-dhabi-restaurant-144769.html
"Al Sheraa Dhahabi Sea Food Restaurant
",Bur Dubai,Abu Dhabi,02-6277204,66743,/al-sheraa-dhahabi-sea-food-restaurant-145667.html
Name,Location,City,Phone,P.O BOX,Companylink
"Al Taher Restaurant
",Corniche Rd,Ajman,06-7473569,4683,/al-taher-restaurant-126528.html
"Al Tahi Al Arabic Restaurant LLC
",Sahara Mall,Sharjah,06-5251919,4427,/al-tahi-al-arabic-restaurant-llc-151065.html
"Al Taiba Restaurant
","Bhnd Pic & Save S/Market, King Faisal Rd",Sharjah,06-5598255,251792,/al-taiba-restaurant-136803.html
"Al Taj Restaurant
","Al Baraha, Deira",Dubai,04-2711273,48600,/al-taj-restaurant-126161.html
"Al Tannour
","Crowne Plaza, Sh zayed road",Dubai,04-3311111,1175,/al-tannour-67642.html
"Al Tasamoh Kitchen and Mandi Rest
","Damascus Rd, Al Qusais",Dubai,04-2676622,63609,/al-tasamoh-kitchen-and-mandi-rest-121346.html
"Al Thahabi Cafeteria
",Al Rashidiya 1,Sharjah,06-5650164,52681,/al-thahabi-cafeteria-148302.html
"Al Wafa Restaurant
",Qasar Al Sarab Desert Resort,Ajman,06-7408413,29688,/al-wafa-restaurant-116126.html
"Al Waha International
","Opp Sana Fashions, Al Qassimia Rd",Abu Dhabi,02-8862088,73116,/al-waha-international-175667.html
Name,Location,City,Phone,P.O BOX,Companylink
"Alrabee Alshami Bakeries
","King Faisal Rd, Al Qasimiyah",Sharjah,06-5756700,37747,/alrabee-alshami-bakeries-175274.html
"Alto Mar
",Jumeirah Fishing Harbour,Dubai,04-3435225,21677,/alto-mar-175792.html
"Amala - Jumeirah Zabeel Saray
","Right Wing, Jumeirah Zabeel Saray, Palm Jumeirah",Dubai,04-4530000,37658,/amala-jumeirah-zabeel-saray-175793.html
"Amani Pizza
","Beside KM Trading, Salam Street",Abu Dhabi,02-4488612,126587,/amani-pizza-175510.html
"Amassi International Cuisine and Lounge
",Khalidiya,Abu Dhabi,055-2778844,1676,/amassi-international-cuisine-and-lounge-133440.html
"Amrutha Restaurant
","Opp Adcb, Mana Rd, Rolla",Sharjah,02-6810099,42714,/amrutha-restaurant-115932.html
"Amwaj Seafood
",Baniyas Island,Abu Dhabi,06-5325355,8879,/amwaj-seafood-175668.html
Name,Location,City,Phone,P.O BOX,Companylink
"Arabian Seashell Cafeteria
","Beach Road, Jumeirah 3",Dubai,04-3942886,181858,/arabian-seashell-cafeteria-146796.html
"Arman Cafe
","G Floor, Al Maktoum St, Dubai Corniche Hotel & Residence, Al Maktoum St, Deira",Dubai,04-2292983,30651,/arman-cafe-144052.html
"Aroma Garden Caffe
","Al Amri Bldg, Oud Metha Rd, Karama",Dubai,04-3368999,50080,/aroma-garden-caffe-129758.html
"Aroma Spicy Restaurant
","Behind Eldorado Cinemas, Electra Street",Abu Dhabi,02-6770064,60825,/aroma-spicy-restaurant-175533.html
"Arous Al Wadi Restaurant
",Al Nahda,Sharjah,050-4795683,184512,/arous-al-wadi-restaurant-148067.html
"Arrows & Sparrows Cafe
","Emaar Business Park, The Greens",Dubai,06-5363600,11757,/arrows-sparrows-cafe-175743.html
"Art House Cafe
","Eitihad Modern Art Galley, Al Bateen",Abu Dhabi,04-5588141,53128,/art-house-cafe-175610.html
"Arya Bhavan Restaurant
",Al Falah St,Abu Dhabi,02-4182466,28977,/arya-bhavan-restaurant-145334.html
"Asfar Restaurant & Coffee Shop
",Karama,Abu Dhabi,02-4450909,44056,/asfar-restaurant-coffee-shop-145300.html
Name,Location,City,Phone,P.O BOX,Companylink
"Avasa Restaurant
",Saadiyat Island,Abu Dhabi,02-6742221,4832,/avasa-restaurant-175672.html
"Avon Restaurant
","Gold Souq, Deira",Dubai,04-2251827,27363,/avon-restaurant-143133.html
"Awtar Restaurant
",TCA,Abu Dhabi,02-6441551,2698,/awtar-restaurant-133511.html
"Aysha Restaurant
","Street 33C, Al Mussalla Road, Bur Dubai",Dubai,04-3525315,3919,/aysha-restaurant-172959.html
"Bab Al Yemen Mandi Restaurant
",Abu Shagara Park,Dubai,052-8221486,488183,/bab-al-yemen-mandi-restaurant-175326.html
"Bab Deira Restaurant
","Farimont Hotel, Shk Zayed Road",Sharjah,04-2558787,112675,/bab-deira-restaurant-175371.html
"Bagatelle
",Khalifa St,Dubai,052-1131120,73843,/bagatelle-175796.html
Name,Location,City,Phone,P.O BOX,Companylink
"Bangkok Town Thai Restaurant
","Bhnd Al Massa Cinema, Buhairah Corniche",Sharjah,06-5568282,38616,/sharjah-bangkok-town-thai-restaurant-122677.html
"Banglore Empire Restaurant LLC
",Al Qusais,Dubai,04-2611433,26500,/banglore-empire-restaurant-llc-68515.html
"Barasti
","Le Meridian, Mina Seyahi",Dubai,050-5042635,38404,/barasti-175797.html
"Barbar Neirut Restaurant & Cafe
",Rigga,Dubai,04-3993333,18128,/barbar-neirut-restaurant-cafe-175340.html
"Barca Club
",Palm Jumeirah,Dubai,04-2999990,24365,/barca-club-152058.html
Name,Location,City,Phone,P.O BOX,Companylink
"Beiutna Restaurant & Cafe
",Garhoud,Dubai,04-2947744,6433,/beiutna-restaurant-cafe-162187.html
"Bel Mondo Cafe and Restaurant
",Hamdan St,Abu Dhabi,02-6763867,47401,/bel-mondo-cafe-and-restaurant-118412.html
"Beldian Cafe
","Inter Continental, Al Bateen",Abu Dhabi,02-6666888,43261,/beldian-cafe-175675.html
"Belgian Beer Cafe
",Souk Madinat,Dubai,04-4470227,40437,/belgian-beer-cafe-175799.html
"Bengre Kamat Restaurant LLC
","Near Dolphin Hotel Apartments, Bur Dubai",Dubai,04-3553611,2560,/bengre-kamat-restaurant-llc-172961.html
"Benjarong
","Dusit Thani Dubai, Sh zayed road",Dubai,04-3080000,17280,/benjarong-67656.html
"Bently Bristo & Bar
","The Galleria, Al Maryah Island",Abu Dhabi,02-6262131,4551,/bently-bristo-bar-175676.html
"Bentoya Kitchen
",Sh Zayed Rd,Dubai,04-3430222,105329,/bentoya-kitchen-147962.html
Name,Location,City,Phone,P.O BOX,Companylink
"Biriyani Pot
",Jumeirah,Dubai,04-3382277,37005,/biriyani-pot-175542.html
"Biryani Centre Restaurant
","Shabiya M 10, Musaffah",Abu Dhabi,02-5550888,7135,/biryani-centre-restaurant-173173.html
"Biryani Hut Restaurant LLC
","Fathima Bldg, Near Madina Mall, Muhaisnah",Dubai,055-8585842,22196,/biryani-hut-restaurant-llc-175276.html
"Biryani Times Restaurant
",Qusais,Dubai,04-2344885,66413,/biryani-times-restaurant-175257.html
Name,Location,City,Phone,P.O BOX,Companylink
"Bombay Sweets & Bakery LLC
","Amman St, Al Nahda",Dubai,04-2398901,234872,/bombay-sweets-bakery-llc-68527.html
"Bon Appetit
",Sh zayed road,Dubai,050-8684110,27425,/bon-appetit-68467.html
"Bon Food LLC
",Madinat Zayed Shopping Complex,Abu Dhabi,04-3438311,72253,/bon-food-llc-107877.html
"Bonfood Restaurant
","Grand Shopping Mall, Al Quoz",Dubai,02-6339497,42776,/bonfood-restaurant-150961.html
"Bonna Annee
",Salam Street,Abu Dhabi,04-3380807,52203,/bonna-annee-175651.html
"Bonsai Japanese Restaurant
",Sh Tahnoon Rd,Abu Dhabi,02-4912128,14831,/bonsai-japanese-restaurant-125513.html
"Bord Eau
","Shangri La, Al Maqta",Abu Dhabi,02-4434807,60939,/bord-eau-175735.html
"Bottega
","Sofitel Dubai, The Palm",Dubai,02-5098888,34541,/bottega-175635.html
Name,Location,City,Phone,P.O BOX,Companylink
"Brunello
","Kempenski Hotel, The Palm",Dubai,04-4442501,49463,/brunello-175808.html
"Brunswick Sports Club
",Mall Of The Emirates,Dubai,056-4040685,44514,/brunswick-sports-club-175809.html
Name,Location,City,Phone,P.O BOX,Companylink
"Cafe Berlin Restaurant
","Grand Cinema Bldg, Al Buhaira Corniche",Sharjah,06-5564564,25024,/cafe-berlin-restaurant-146792.html
"Cafe D Alsace
",Yas Marina,Abu Dhabi,02-4963412,38541,/cafe-d-alsace-168557.html
"Cafe Diego
",Al Khubeirah,Abu Dhabi,02-6772344,33228,/cafe-diego-175682.html
"Cafe Du Roi LLC
",TCA,Abu Dhabi,02-6816367,42757,/cafe-du-roi-llc-147167.html
"Cafe Julie
",JLT,Dubai,04-3649477,1955,/cafe-julie-147105.html
Name,Location,City,Phone,P.O BOX,Companylink
"Casa De Tapas
",Dubai Creek Golf,Dubai,04-4161800,55217,/casa-de-tapas-175816.html
"Castlerock Restaurant
",Hamdan St,Abu Dhabi,02-6348345,105777,/castlerock-restaurant-115016.html
"Catch Restaurant & Lounge
","Restaurant Unit 2, Nation Riviera, Nation Towers",Abu Dhabi,02-6110909,32674,/catch-restaurant-lounge-168556.html
"Cavalli Club
","Farimont Hotel, Shk Zayed Road",Dubai,04-3329260,242656,/cavalli-club-175817.html
"Cedar Lounge
",Farimont Bab Al bahr,Abu Dhabi,02-6543223,35172,/cedar-lounge-175684.html
"Cettinad Restaurant
",Next to Abu Dhabi Flour Mill,Abu Dhabi,02-6777699,4511,/cettinad-restaurant-122707.html
"Ceviche
","Emirates Financial Towers, DIFC",Dubai,04-3266333,7789,/ceviche-175819.html
Name,Location,City,Phone,P.O BOX,Companylink
"Chicken Corner
","Al Zahara St, Nasseria",Sharjah,06-5640070,38426,/chicken-corner-148168.html
"Chicken Cottage
",Jumeirah,Dubai,04-4405994,1724,/chicken-cottage-146604.html
"Chicken Express Restaurant LLC
","Bhnd Bank Sedarat Iran, Rolla",Sharjah,06-5686969,87548,/chicken-express-restaurant-llc-151046.html
"Chicken Street Cafeteria
","Behind Mashreq Bank, Electra Street",Abu Dhabi,02-6794989,49816,/chicken-street-cafeteria-175515.html
"Chicken Tikka Inn Restaurant
",Near Qassimia R/A,Sharjah,055-4883399,3132,/chicken-tikka-inn-restaurant-138545.html
"Chicking Fried Chicken
","Century Mall, Deira",Dubai,06-5749822,27207,/chicking-fried-chicken-108096.html
"Chik Bites Restaurant & Cafe
","Damascus St,",Dubai,04-2967232,4966,/chik-bites-restaurant-cafe-175497.html
"Chin Chin
",Dubai Marina,Dubai,04-2344994,37201,/chin-chin-147396.html
Name,Location,City,Phone,P.O BOX,Companylink
"Chowking
",Al Nahda 2,Dubai,04-2382837,285849,/chowking-110151.html
"Chowking Orient Restaurant
","G-39, Al Ghurair City, Deira",Dubai,04-2288377,887,/chowking-orient-restaurant-142989.html
"Chuck Wagon Restaurant - Pearl Hotel
",Sh Rashid Palace Road,Umm Al Quwain,06-7666678,167,/chuck-wagon-restaurant-pearl-hotel-15872.html
"Cinema New Restaurant
","SEWA Bldg, Near Sharjah Cinema, Al Mina Rd",Sharjah,06-5681006,31912,/cinema-new-restaurant-131468.html
"Cipriani
","Gate Village 10, Building 3, DIFC",Dubai,04-3470003,28490,/cipriani-175631.html
"Circo
","Inter Continental, Al Bateen",Abu Dhabi,02-6666888,32100,/circo-175686.html
"City Burger
",Bhnd Al Mariya Cinema,Abu Dhabi,02-6716788,70587,/city-burger-145579.html
Name,Location,City,Phone,P.O BOX,Companylink
"Common Grounds
",Dubai Marina,Dubai,050-4781094,44251,/common-grounds-175751.html
"Comptoir 102
",Jumeirah Beach Road,Dubai,04-3854555,32645,/comptoir-102-175752.html
Name,Location,City,Phone,P.O BOX,Companylink
"Dalchini
","Bin Suloom Bldg, Al Shaab Colony, Deira",Abu Dhabi,02-4917977,83171,/dalchini-145482.html
"Dallas Restaurant
","Near Al Safa Supermarket, Electra Street",Dubai,04-2691178,83874,/dallas-restaurant-132850.html
"Dar Al Mandi Restaurant Kitchen
",Al Ittihad Road,Abu Dhabi,02-6330066,111810,/dar-al-mandi-restaurant-kitchen-175513.html
"Dar Ward Restaurant
","Near Day to Day, Karama",Sharjah,056-8360200,205,/dar-ward-restaurant-175594.html
"Dasprakash Rest
","Bhnd Al Moosa Tower, Satwa",Dubai,06-5222411,28390,/dasprakash-rest-128989.html
"Day Fresh Restaurant
",Saadiyat Island,Dubai,04-3965595,34496,/day-fresh-restaurant-143702.html
"De La Costa
",Madinat Zayed,Abu Dhabi,04-3289488,34496,/de-la-costa-175692.html
Name,Location,City,Phone,P.O BOX,Companylink
"Desl Hut Restaurant
","Behind Grand City Mall, Al Quoz Industrial Area 4",Dubai,04-3383283,47351,/desl-hut-restaurant-175547.html
"Dhaba Restaurant
","Behind Sunrise Supermarket, Al Qusais",Dubai,050-9098139,11893,/dhaba-restaurant-175226.html
"Dhe Chef
","Bhnd KM Trdg, Abu Shagara",Sharjah,04-2611685,2998,/dhe-chef-175649.html
"Diamond City Restaurant LLC
",Mussafah 10,Abu Dhabi,055-8286907,6774,/diamond-city-restaurant-llc-145336.html
"Dibba Bakes
",Abu Shagara,Sharjah,06-5445060,39398,/dibba-bakes-175365.html
Name,Location,City,Phone,P.O BOX,Companylink
"DUO
",Jumeirah Beach Residence,Dubai,04-4233785,72127,/duo-102775.html
"Dustys
",DIFC,Dubai,04-3545435,10349,/dustys-175828.html
"DXB Grill
",Millennium Airport Hotel,Dubai,04-7028888,235071,/dxb-grill-175829.html
"Dynasty Chinese Restaurant
","Ramada Hotel, Bur Dubai",Dubai,04-3519999,29417,/dynasty-chinese-restaurant-143808.html
"E T Sushi
","Ground Floor, Jumeirah Emirates Tower Hotel, Sheikh Zyed Road",Dubai,04-3198088,65892,/e-t-sushi-149161.html
"Eagle Restaurant
","Near Abu Hail Pharmacy, Hor Al Anz, Deira",Dubai,04-2694997,115719,/eagle-restaurant-115739.html
Name,Location,City,Phone,P.O BOX,Companylink
"Em Sherif
",Downtown Dubai,Dubai,04-4243000,36247,/em-sherif-175831.html
"Ember
","Dubai Mall, Downtown Dubai",Dubai,04-4388999,3720,/ember-67699.html
"Emirates Restaurant
","Near Alico Aluminium Co, BMW Rd, Indl Area 2",Sharjah,06-5338200,123375,/emirates-restaurant-136116.html
"Emly Chilli
",Al Nahda 1,Dubai,04-2837474,20058,/emly-chilli-68504.html
"Entrecote - Al Khaleej Palace Hotel
","Near Etisalat, Maktoum St, Deira",Dubai,04-2231000,95368,/entrecote-al-khaleej-palace-hotel-111719.html
Name,Location,City,Phone,P.O BOX,Companylink
"Fantastic Fresh Food Trading LLC
",Hor Al Anz,Dubai,04-2339114,24269,/fantastic-fresh-food-trading-llc-162938.html
"Fantastico Cafe LLC
","Mazaya Centre, Sh Zayed Rd",Dubai,04-3434214,114820,/fantastico-cafe-llc-133560.html
"Fantasy Restaurant
",Deira,Dubai,04-2688288,29134,/fantasy-restaurant-135156.html
"Faragalla Cafe
",Oud Metha Road,Dubai,056-4334701,29373,/faragalla-cafe-175482.html
"Fareehan Refreshment
","Behind KM Trading, Salam Street",Abu Dhabi,02-6774447,50715,/fareehan-refreshment-175534.html
"Farhat Restaurant
",Al Qasimiah,Sharjah,055-1100954,4710,/farhat-restaurant-123527.html
"Fatah Sanobir Restaurant
","203, Dar Al Wuhaida building, Hor Al Anz, Deira",Dubai,06-5669660,45763,/mam-electrical-contracting-establishment-26245.html
"FatBurger
","Ground Floor, Mall of the Emirates",Dubai,04-2692334,115944,/fatburger-175757.html
Name,Location,City,Phone,P.O BOX,Companylink
"Fish N Chips Room, The
","Murjan Tower, Jumeirah Beach Res",Dubai,04-4270443,66413,/fish-n-chips-room-the-175629.html
"Fish World
","3rd Flr, Food Court, Burjuman Centre, Bur Dubai",Dubai,04-3514774,26570,/fish-world-126064.html
"Fishmarket - Inter-Continental Abu Dhabi
","Hotel Intercontinental Abu Dhabi, Khalidya",Abu Dhabi,02-6666888,4171,/fishmarket-inter-continental-abu-dhabi-112379.html
"Five Guys Burger
",Dubai Mall,Dubai,04-3804117,640,/five-guys-burger-175759.html
"Flame & Bake
",Next To Hollywood Magic,Abu Dhabi,600565564,116357,/flame-bake-175522.html
"Flavours - Sheraton
","Near Corniche Hospital, Corniche Rd",Abu Dhabi,02-6817747,109770,/flavours-sheraton-111955.html
"Flavours On Two
","Towers Rotana, Shk Zayed Road",Dubai,02-6773333,105912,/flavours-on-two-175836.html
"Flooka
",Dubai Marine Beach Resort,Dubai,04-3438000,237882,/flooka-175837.html
"Food & Life Global Flavours
",Bur Dubai,Dubai,04-3461111,200,/food-life-global-flavours-149738.html
"Food City Restaurant LLC
",Al Muroor,Abu Dhabi,04-3599775,36853,/food-city-restaurant-llc-143622.html
"Food Mountain Restaurant
","Behind Adnoc Petrol Station, Najda Street",Abu Dhabi,02-4488640,70886,/food-mountain-restaurant-175572.html
"Food Palace Restaurant
",Khalifa Str,Abu Dhabi,056-2090767,43383,/food-palace-restaurant-131684.html
Name,Location,City,Phone,P.O BOX,Companylink
"Frankies Italian Restaurant & Grill
",Farimont Bab Al Bahr,Abu Dhabi,02-6543333,62920,/frankies-italian-restaurant-grill-175698.html
"Fresh & Easy (The Barakat Shop)
","Jumeirah Road, Opposite City Bank",Dubai,04-2272528,96703,/fresh-easy-the-barakat-shop--175570.html
"Fresh & More Cafeteria & Grill
",Khalifa 11,Abu Dhabi,02-5521199,96703,/fresh-more-cafeteria-grill-145640.html
"Friday's
",Near Lighthouse Community Psychological Clinic,Dubai,600-523334,6319,/friday-s-150962.html
"Frutti Juice
","Damascus St, Al Qusais",Dubai,04-3284371,281066,/frutti-juice-175562.html
"Fusion Caffe LLC
",Al Nahda 1,Abu Dhabi,02-4058678,33779,/fusion-caffe-llc-164801.html
Name,Location,City,Phone,P.O BOX,Companylink
"Gillys Restaurant
",Behind Fresh & More Supermarket,Abu Dhabi,02-6712050,51043,/gillys-restaurant-175530.html
"Ginny's Restaurant and Confectionery
","9, Al Zara Bldg, Khalid Bin Walid St, Bur Dubai",Dubai,050-8644909,20199,/ginny-s-restaurant-and-confectionery-114283.html
"Giornotte
","Ritz Carlton, Al Maqta",Abu Dhabi,04-3931876,11311,/giornotte-175699.html
"Go Thai
","Talal Belhoul Building, Opp NMC Hosp, Bhnd Sahara Centre, Al Nahda",Dubai,02-8188888,48300,/go-thai-175291.html
"Goa Coastal Curries
","Near Dubai Islamic Bank, Karama",Dubai,04-2506111,73145,/goa-coastal-curries-163102.html
"Golden Burger Restaurant and Internet Cafe
","Abraj Centre, Sabakha Bus Stand, Deira",Dubai,052-9866084,2044,/golden-burger-restaurant-and-internet-cafe-145246.html
"Golden Chariot Confectionery
","Near Grand Hotel, Al Qusais",Dubai,04-3795238,13951,/golden-chariot-confectionery-175220.html
"Golden Crown Restaurant
",Hamdan St,Abu Dhabi,04-2277941,192078,/golden-crown-restaurant-116101.html
"Golden Dragon Restaurant
","Trade Centre Road, Karama",Dubai,04-2582050,43750,/golden-dragon-restaurant-26199.html
"Golden Fork Group
","Al Owasis Bldg, Al Rigga Rd",Dubai,050-3988826,65653,/golden-fork-group-117725.html
"Golden Jabal Al Noor Fast Food LLC
","Near Canadian Hosp, Mamzar Centre",Dubai,02-6772828,30985,/golden-jabal-al-noor-fast-food-llc-175309.html
"Golden Palace Mandi Restaurant
","Bhnd NMC Hosp, Al Nahda 2",Dubai,04-3967788,30985,/golden-palace-mandi-restaurant-175241.html
"Golden Seashell LLC
",Satwa,Dubai,04-2239233,119943,/golden-seashell-llc-147778.html
"Golden Spoon Vegetarian Restaurant
",Madinat Zayed,Abu Dhabi,04-2692979,4561,/golden-spoon-vegetarian-restaurant-115413.html
Name,Location,City,Phone,P.O BOX,Companylink
"Grand Central Restaurant
",Muroor Street,Abu Dhabi,02-6426499,500003,/grand-central-restaurant-175652.html
"Grand Restaurant
",Discovery Gardens,Sharjah,06-5652080,87565,/grand-restaurant-112183.html
"Grecian Grill Restaurant
","Opp Citymax, Barsha 1",Dubai,04-5531335,1875,/grecian-grill-restaurant-176018.html
"Green Chillies Restaurant
","Al Noor Building, Behind Sahara Center",Dubai,04-4456789,643982,/green-chillies-restaurant-147693.html
"Green Lagoon Restaurant
","Behind Emirates NBD, Near Colours Hyper Market",Dubai,04-3792440,24454,/green-lagoon-restaurant-175353.html
Name,Location,City,Phone,P.O BOX,Companylink
"Haji Sahab Restaurant
","1 B, Discovery Gardens",Dubai,04-4279602,43695,/haji-sahab-restaurant-176114.html
"Hanoi
",Khalifa St,Abu Dhabi,02-6261112,28650,/hanoi-146015.html
"Hapi Cafe
",Al Quoz,Dubai,04-2251807,2316,/hapi-cafe-175760.html
"Happy Malabar Cafe & Restaurant
","Near Karachi Darbar, Satwa",Dubai,04-3234322,1026,/happy-malabar-cafe-restaurant-175318.html
"Haram Restaurant
",Near Satwa Bus Stand,Dubai,052-4900386,9277,/haram-restaurant-175317.html
"Hard Walls
",Corniche Rd,Abu Dhabi,04-3317799,33066,/hard-walls-127321.html
"Hari Restaurant
","Opp Liberty S/Room, New Double Cola Rd",Sharjah,02-6814200,11401,/hari-restaurant-128589.html
"Haseen Rest and Mini Market
","R/A 8, Jebel Ali Free Zone",Jebel Ali,06-5338414,165,/haseen-rest-and-mini-market-126508.html
Name,Location,City,Phone,P.O BOX,Companylink
"Hot Burger Restaurant
","Near Abu Shagara Park, Abu Shagara",Sharjah,06-5557800,35004,/hot-burger-restaurant-146789.html
"Hot Food Restaurant & Catering
",Mussafah 11,Abu Dhabi,055-9788931,26913,/hot-food-restaurant-catering-145670.html
"Hum Yum Restaurant
","Lighthouse Community Psychological Clinic, Jumeira Beach Road",Dubai,02-5520500,40994,/hum-yum-restaurant-175538.html
"Humpty Dumpty Restaurant LLC
","Opp Burjuman Business Towers, Near FNS Cafe, Karama",Dubai,04-3883332,38423,/humpty-dumpty-restaurant-llc-175286.html
"Hyderabad Star Restaurant
","Near Etisalat, Electra Street",Abu Dhabi,04-3995786,26016,/hyderabad-star-restaurant-175541.html
"Hyson Restaurent
",Satwa,Dubai,056-8853308,52044,/hyson-restaurent-143788.html
Name,Location,City,Phone,P.O BOX,Companylink
"Iqbal Restaurant
",Hamdan St,Abu Dhabi,02-6727224,46695,/iqbal-restaurant-138795.html
"Iran Zamin Restaurant
","Sheikh Mohammed Bin Boulevard Centre, Downtown",Dubai,04-4476655,42317,/iran-zamin-restaurant-126381.html
"Irish Village
",Garhoud,Dubai,04-2824750,32890,/irish-village-175621.html
"Isfahan Night Restaurant
",Old Airport Rd,Abu Dhabi,02-4466122,4441,/isfahan-night-restaurant-142505.html
"Isfahan Restaurant
","Near Sharjah Cinema, Mina St",Sharjah,06-5697727,72730,/isfahan-restaurant-129546.html
"Istanboul Flower Restaurant & Cafeteria
",Shk Zayed Rd,Dubai,04-3434585,72730,/istanboul-flower-restaurant-cafeteria-151050.html
"Istanbouli Restaurant
","64, Food Court, Al Razi Bldg, DHCC",Abu Dhabi,02-6212557,239287,/istanbouli-restaurant-145582.html
"Istanbul Flower Restaurant and Cafeteria
","Gate Building, Near to Burj 2000 Bldg, Rolla",Dubai,04-4495330,51777,/istanbul-flower-restaurant-and-cafeteria-115876.html
"ITC Restaurant
","Baghdad St, Al Qusais",Sharjah,06-5635017,3796,/itc-restaurant-144051.html
"Its Malabar Restaurant LLC
","Emaar Building, Near Spinneys, Marina Walk",Dubai,04-2520004,3987,/its-malabar-restaurant-llc-175252.html
"Itsu
",Jumeira 1,Dubai,050-5832495,20899,/itsu-175639.html
Name,Location,City,Phone,P.O BOX,Companylink
"Jedoudna Restaurant
","Shop No. 12, Rimal Hotel, JBR",Dubai,04-4230766,46528,/jedoudna-restaurant-175640.html
"Jesir Al Madinah Cafeteria
","Near Al Manama Hypermarket, Opposite Traffic Police Office",Sharjah,06-5480426,12516,/jesir-al-madinah-cafeteria-175367.html
"Jetty Lounge
","One & Only Royal Mirage, Sufouh",Dubai,052-3013046,75256,/jetty-lounge-175761.html
"Jharokha Indian & Chinese Restaurant
","Shop 15, Jumeirah Bay Tower, X2, JLT",Dubai,04-3999999,184934,/jharokha-indian-chinese-restaurant-175313.html
"Jimma Cafe
",Deira,Dubai,04-3619601,65892,/jimma-cafe-175762.html
"Jims Kitchen Table
",Masdar City,Abu Dhabi,04-2717610,391143,/jims-kitchen-table-175654.html
Name,Location,City,Phone,P.O BOX,Companylink
"Kabul Darbar Restaurant
","Naif Rd, Deira",Dubai,04-2394445,4895,/kabul-darbar-restaurant-175305.html
"Kaffa Beans
",Dubai Silicon Oasis,Dubai,052-8999191,106854,/kaffa-beans-175281.html
"Kairali Restaurant
","Al Rayan Hotel Bldg, Abubaker Al Siddiq St, Al Nakheel",Ajman,04-3312204,28106,/kairali-restaurant-150832.html
"Kalispera Cafe
",Defense Rd,Abu Dhabi,052-3876140,111488,/kalispera-cafe-131700.html
"Kamat
","Ground Level, Bay Avenue, Executive Towers G, Business Bay",Dubai,06-7457676,6120,/kamat-104878.html
"Kanzaman Restaurant
",Al Shindaga Heritage Village,Dubai,02-6418283,242927,/kanzaman-restaurant-127905.html
"Karachi Golden Restaurant & Cafeteria
",Bhnd Hor Al Anz Park,Dubai,04-4535471,32765,/karachi-golden-restaurant-cafeteria-147389.html
"Karachi Inn Restaurant LLC
",Al Qusais Indl Area 3,Dubai,04-3342243,5617,/karachi-inn-restaurant-llc-142826.html
"Karachi Restaurant
","Shop 1, Al Fahidi Souq, Bur Dubai",Dubai,04-2689100,237876,/karachi-restaurant-106477.html
"Karaikudi Aachi Restaurant & Sweets LLC
","Bhnd NMC Hosp, Al Nahda 2, Al Qusais",Dubai,04-3598200,150020,/karaikudi-aachi-restaurant-sweets-llc-175294.html
"Karak Time Cafeteria
","Hamdan Colony, Karama",Dubai,04-2673131,1453,/karak-time-cafeteria-175244.html
Name,Location,City,Phone,P.O BOX,Companylink
"Khanji Restaurant
","Behind Al Masah Crystal, Al Wahda Road, Abu Shagara",Sharjah,06-5770177,114545,/khanji-restaurant-175592.html
"Khater Mirch Masala Restaurant LLC
",Karama,Dubai,056-1672353,25579,/khater-mirch-masala-restaurant-llc-120924.html
"Khazana
","Bhnd American Hospital, Oud Metha Rd",Dubai,04-3344334,3720,/khazana-130529.html
"Khebz and Meleh Restaurent
",Tawwon,Sharjah,04-3360061,554509,/khebz-and-meleh-restaurent-170551.html
"Khoory Kabab Restaurant
","Near Al Manar Hotel, Behind Abjar Grand Hotel, Abu Hail",Dubai,06-5255262,26952,/khoory-kabab-restaurant-175598.html
"King Chef Restaurant
","Near Al Shirawi Ent, Noor Islamic Metro Station, Al Quoz",Dubai,056-7173371,81445,/king-chef-restaurant-146539.html
"King Karak Cafe
","Behind Honda Showroom, Electra Street",Abu Dhabi,04-2666322,51887,/king-karak-cafe-175495.html
Name,Location,City,Phone,P.O BOX,Companylink
"Kuwaiti Restaurant
",Dibba Al Hassan,Fujairah,09-2443599,12068,/kuwaiti-restaurant-122077.html
"La Brioche
",Marina Mall,Abu Dhabi,02-6815531,47838,/la-brioche-145583.html
"La Fontana Cafe
",Hamdan St,Abu Dhabi,02-6779500,32430,/la-fontana-cafe-121306.html
"La Mamma
",Sheraton. Al Markaziyah,Abu Dhabi,02-6970238,1164,/la-mamma-175705.html
"La Parilla
",Jumeirah Beach Hotel,Dubai,04-3480000,393878,/la-parilla-67725.html
"La Piazza/Coffee Shop - Sands Hotel
","Near Emirates Gen Market, Electra St",Abu Dhabi,02-6335335,183721,/la-piazza-coffee-shop-sands-hotel-111921.html
"La Rosa Restaurant and Cafe
","Al Zarooni Building, Near Al Rigga Metro Station, Al Rigga",Dubai,04-2278483,68573,/la-rosa-restaurant-and-cafe-175233.html
"Labour Power Restaurant
","Near Grand Mini Mall, Jebel Ali Indl Area 2",Jebel Ali,056-6901680,109189,/labour-power-restaurant-102817.html
Name,Location,City,Phone,P.O BOX,Companylink
"Le Beaujolais
",Hamdan Street,Abu Dhabi,02-6333555,45595,/le-beaujolais-175655.html
"Lebanese Mill Restaurant
",Passport Road,Abu Dhabi,02-6419996,206,/lebanese-mill-restaurant-175524.html
"Lebanese Roaster
","G Flr, Al Futtaim Bldg, Opp Deira Water Tank, Deira",Dubai,04-2285905,8586,/lebanese-roaster-105716.html
Name,Location,City,Phone,P.O BOX,Companylink
"Madina Flowers Restaurant
","Between Lal's S/Market & Iranian Hospital, Satwa",Dubai,04-3497126,23118,/madina-flowers-restaurant-140099.html
"Madina Islamabad Restaurant
",Abu Shagara,Sharjah,06-5598846,127473,/madina-islamabad-restaurant-175368.html
"Madinat Salwa Restaurant
","Opp Zulekha Hospital, Al Butina",Sharjah,055-7807047,50253,/madinat-salwa-restaurant-146790.html
"Madras Star Vegetarian Restaurant
",Deira,Dubai,06-5212042,4751,/madras-star-vegetarian-restaurant-107190.html
"Madras Vegetarian Restaurant LLC
","Near Abu Hail Metro Station, Deira",Dubai,04-2660043,25708,/madras-vegetarian-restaurant-llc-105432.html
Name,Location,City,Phone,P.O BOX,Companylink
"Manvaar Restaurant LLC
","Millenium Hotel Abu Dhabi, Khalifa St.",Dubai,04-3368332,49936,/manvaar-restaurant-llc-141349.html
"Marakesh
",Farimont Bab Al Bahr,Abu Dhabi,02-6146000,44044,/marakesh-101137.html
"Marco Pierre White Steakhouse & Grill
",Al Garhoud,Abu Dhabi,02-6543333,50156,/marco-pierre-white-steakhouse-grill-175737.html
"Mareb Mandi Restaurant
",Jumeirah,Dubai,04-2955590,233891,/mareb-mandi-restaurant-175553.html
"Maria Bonita Taco Shop & Grill
",Corniche,Dubai,04-3955576,1492,/maria-bonita-taco-shop-grill-175766.html
"Marina Al Bateen Resort
","Le Royal Meridian, Al Markaziyah",Abu Dhabi,02-6651516,34836,/marina-al-bateen-resort-133846.html
"Market Kitchen
",Jumeirah Beach Rd,Abu Dhabi,02-6742020,93576,/market-kitchen-175708.html
"Marwan Murad Restaurant
",Deira,Dubai,04-3453419,294912,/marwan-murad-restaurant-138093.html
"Masco Group
",Qusais,Dubai,04-2943533,24119,/masco-group-161565.html
"Mashhad Restaurant
","City Tower 2, Shk Zayed Road",Dubai,04-2671445,34722,/mashhad-restaurant-175322.html
Name,Location,City,Phone,P.O BOX,Companylink
"Memsaab Restaurant
",JLT,Dubai,04-4429816,45076,/memsaab-restaurant-175767.html
"Meshmesh Pizzeria
",Bur Dubai,Abu Dhabi,02-6765478,1038,/meshmesh-pizzeria-175499.html
"Mezbaan Hyderabad Restaurant
","Emirates Palace Hotel, Ras Al Akhdar",Dubai,04-3517863,184341,/mezbaan-hyderabad-restaurant-106308.html
"Mezlai
","Emirates Palace, Al Ras Al Akhdar",Abu Dhabi,02-6909000,487497,/mezlai-175710.html
"Mezzaluna
","Al Diyafa St, Satwa",Abu Dhabi,02-6907999,500069,/mezzaluna-175738.html
"Mini Chinese Restaurant
","Bhnd Natl Bank of Dubai, Al Fahidi St, Bur Dubai",Dubai,04-3459976,60680,/mini-chinese-restaurant-105465.html
"Mini Punjab Restaurant
",Discovery Gardens,Dubai,04-3515436,52203,/mini-punjab-restaurant-135912.html
"Mint and Olive Restaurant
",Jumeirah,Dubai,04-4409844,5748,/mint-and-olive-restaurant-147253.html
Name,Location,City,Phone,P.O BOX,Companylink
"Moylos Burgers
","Near Sunset Mall, Jumeirah Beach Road",Dubai,04-3883140,11204,/moylos-burgers-175555.html
"Mr Shawerma Restaurant
",Abu Hail,Dubai,04-2626900,123481,/mr-shawerma-restaurant-175307.html
"Mubarak Salem Saeed Restaurant
",Hor Al Anz,Dubai,055-4451171,8605,/mubarak-salem-saeed-restaurant-116697.html
Name,Location,City,Phone,P.O BOX,Companylink
"Nahaam
","Jumeirah Al Etihad Towers, Al khubeirah",Abu Dhabi,02-8115555,25634,/nahaam-175711.html
"Nalan Restaurant LLC
","Burjuman Centre, Khalid Bin Al Waleed Road, Bur Dubai",Dubai,04-3541900,718,/nalan-restaurant-llc-178638.html
"Nalas Aappakadai Chettinad Restaurant LLC
",Old Airport Rd,Abu Dhabi,050-7941900,29877,/nalas-aappakadai-chettinad-restaurant-llc-146541.html
"Nasar Restaurant
",TCA,Abu Dhabi,02-6721500,30884,/nasar-restaurant-141299.html
"Nasr Restaurant & Grill
","Near Hilton Hotel, Khorfakkan Rd",Abu Dhabi,02-6210482,43263,/nasr-restaurant-grill-145510.html
"National Restaurant
","Al Ain Centre (Computer Plaza), Bur Dubai",Fujairah,02-6444228,31912,/national-restaurant-121119.html
"Nawab Restaurant
","Ramla Mall Food Court, DIP",Dubai,09-2222753,252,/nawab-restaurant-130832.html
"Neelgiris Vegetarian Restaurant
",Dubai Marina,Jebel Ali,04-3599884,56296,/neelgiris-vegetarian-restaurant-146563.html
"Nell Gwynns
","Al Fattan Bldg, Opp Nihal, Al Qusais",Dubai,04-8847644,11059,/nell-gwynns-175769.html
"Nellara Restaurant LLC
","Bhnd Raffa Police Stn, Near Golden Fork, Bur Dubai",Dubai,04-4488222,34685,/nellara-restaurant-llc-143857.html
"New Bawarchi Restaurant
",Al Falah Street,Dubai,04-2806444,15283,/new-bawarchi-restaurant-175295.html
Name,Location,City,Phone,P.O BOX,Companylink
"New Sagar Restaurant LLC
",Mussafah,Abu Dhabi,02-5531180,14516,/new-sagar-restaurant-llc-147966.html
"New Times Restaurant
","Near Clock Tower, Deira",Dubai,04-2501888,72788,/new-times-restaurant-152365.html
"New York Pizza
",Al Qasba,Sharjah,06-5566262,29033,/new-york-pizza-147579.html
"Nice Burger Restaurant
","Sundos Al Nahda Bldg, NMC Hospital Rd, Al Nahda",Dubai,04-2582007,38569,/nice-burger-restaurant-175229.html
"Nihal Restaurant
",Electra St,Abu Dhabi,055-3582326,36700,/nihal-restaurant-114926.html
"Nila Restaurant
","Near Safeer Mall, Industrial Area 7",Sharjah,02-6318088,8879,/nila-restaurant-144081.html
"Ninar Coffee Shop and Restaurant
",Khalifa St,Abu Dhabi,06-5300230,232852,/ninar-coffee-shop-and-restaurant-118411.html
"Nineteen
",Emirates Hills,Dubai,02-6722267,184513,/nineteen-122101.html
"Noble Restaurant & Catering Srvcs LLC
",Al Bandar,Abu Dhabi,04-3905600,5802,/noble-restaurant-catering-srvcs-llc-148667.html
"Nolus Cafe
",Dubai Mall,Abu Dhabi,02-5509292,212428,/nolus-cafe-175657.html
Name,Location,City,Phone,P.O BOX,Companylink
"Olives
",Al Maqta,Abu Dhabi,02-4041941,4172,/olives-175712.html
"Omar Al Khayyam Restaurant
","Next to Lulu Centre, Rolla",Sharjah,06-5654629,12103,/omar-al-khayyam-restaurant-110615.html
"Omar Al Khayyam Restaurant and Cafeteria
",Dibba Al Hassan,Fujairah,09-2442343,1451,/omar-al-khayyam-restaurant-and-cafeteria-121148.html
"Omar Khayyam Restaurant
","Opp RAK Bank, Saba St",Ras Al Khaimah,07-2332824,58,/omar-khayyam-restaurant-139806.html
"Onam Restaurant
","Near Arabian Travels, Rolla",Sharjah,06-5615330,53677,/onam-restaurant-129349.html
"Opasta
","Gold Crest Tower, JLT",Dubai,04-3686332,9668,/opasta-147694.html
"Open House Restaurant
",Karama,Dubai,04-3965481,52139,/open-house-restaurant-120128.html
"Operation Falafel
",Garhoud,Dubai,600530006,29674,/operation-falafel-175546.html
"Options
",The Greens,Dubai,04-3293293,211188,/options-149601.html
Name,Location,City,Phone,P.O BOX,Companylink
"Pak Al Safa Restaurant LLC
","Near Marco Polo Hotel, Al Muteena St, Deira",Dubai,04-2727323,40577,/pak-al-safa-restaurant-llc-175219.html
"Pak Darbar Restaurant
",Al Nahda,Dubai,056-2355825,33779,/pak-darbar-restaurant-175211.html
"Pak Khyber Darbar Restaurant
","Al Muteena St, Deira",Dubai,04-2206050,27540,/pak-khyber-darbar-restaurant-175242.html
Name,Location,City,Phone,P.O BOX,Companylink
"Parkers Cafe
",Al Mushrif,Abu Dhabi,050-6255563,2316,/parkers-cafe-175658.html
"Pastry Hayakil Baalabak
",Al Nahda,Sharjah,06-5543111,33779,/pastry-hayakil-baalabak-147397.html
"Patan Restaurant
","Opp Veg Market, Near Enoc, Ras Al Khor",Dubai,04-3206366,46628,/patan-restaurant-175327.html
"Paul Cafe
",Baniyas,Abu Dhabi,02-5828300,31727,/paul-cafe-175659.html
"Pearl View Restaurant & Cafeteria LLC
","Al Zaroni Bldg, Bhnd Mall of Emirates, Al Barsha",Dubai,04-3549004,12235,/pearl-view-restaurant-cafeteria-llc-146031.html
"Peepees Restaurant
",Jebel Ali,Jebel Ali,04-8834838,128354,/peepees-restaurant-148018.html
"Peppar - Paragon Group
","Bhnd Mall, ",Sharjah,06-5734647,42757,/peppar-paragon-group-68559.html
"Pepper Mill
","4th Floor, Block C, Tower Y",Abu Dhabi,050-1659597,4893,/pepper-mill-176379.html
"Perfect Biriyani House Restaurant
","Behind Al Ain Tower, Hamdan Street",Abu Dhabi,02-6156000,11416,/perfect-biriyani-house-restaurant-175532.html
Name,Location,City,Phone,P.O BOX,Companylink
"Pranavam Cafeteria
",Satwa,Dubai,04-3312243,22700,/pranavam-cafeteria-145702.html
"Pulp Juice Bars
","Bahar Bldg, JBR",Dubai,04-4364192,51745,/pulp-juice-bars-146467.html
"Pumpy's Restaurant
","Next to Middle East Bank, Khalid Bin Walid Road, Bur Dubai",Dubai,04-3528484,1338,/pumpy-s-restaurant-35883.html
"Punjab Grill
","Venetian Village, Al Maqta",Abu Dhabi,02-4087201,45068,/punjab-grill-175715.html
"Punjab Restaurant
","Al Ghowair Market, Rolla",Sharjah,06-5623835,51579,/punjab-restaurant-132028.html
"Puranmal Restaurant
",Bur Dubai,Dubai,04-3937701,84907,/puranmal-restaurant-145004.html
"Pushkin
","Jumeirah Beach Residence, Dubai Marina",Dubai,04-4270268,13132,/pushkin-67766.html
"Qasr Al Khaleej Restaurant
",Al Muroor,Sharjah,06-5508992,11171,/qasr-al-khaleej-restaurant-147324.html
"Qiso Cafe
",Damascus St,Dubai,04-3212127,237796,/qiso-cafe-175334.html
"Quest Restaurants Management
",JAFZA,Abu Dhabi,02-6418300,22196,/quest-restaurants-management-163806.html
"Quick Bite Rest LLC
","Plaza Level, Bahar Section, The Walk",Dubai,04-2637888,6479,/quick-bite-rest-llc-130920.html
"Quizno'S Subs
","Al Murakabat Rd, Near Clock Tower, Deira",Jebel Ali,04-8872280,4561,/quizno-s-subs-151270.html
Name,Location,City,Phone,P.O BOX,Companylink
"Rainbow Steak House
",Mussafah,Abu Dhabi,02-5526606,46663,/rainbow-steak-house-147722.html
"Rainbow Steak House and Catering Services Company LLC
","M 40, Musaffah",Abu Dhabi,02-6333434,28629,/rainbow-steak-house-and-catering-services-company-llc-116168.html
"Rainbow Steak House Restaurant
",Al Qasimia St,Sharjah,06-5723505,11201,/rainbow-steak-house-restaurant-147201.html
"Rashed Al Katheeri Mandi Restaurant
","Beside Zulekha Hospital, Zahara St, Al Nasryah",Sharjah,06-5654051,16449,/rashed-al-katheeri-mandi-restaurant-109068.html
"Rawabina Restaurant
",Al Garhoud,Dubai,04-2981447,450103,/rawabina-restaurant-175559.html
"Rawal Restaurant
",Hor Al Anz,Dubai,04-2979144,56277,/rawal-restaurant-118125.html
"Rays Grill
","Jumeirah Al Etihad Towers, Al Khubeirah",Abu Dhabi,02-8115666,55505,/rays-grill-175716.html
"Real Taste Cafeteria
","Near Emirates Plaza Hotel, TCA",Abu Dhabi,02-6411007,9623,/real-taste-cafeteria-175549.html
"Red Roaster
","27-28, Salem Shk Bldg, Satwa",Dubai,052-6960600,105671,/red-roaster-175341.html
"Red Table Iranian Restaurant
","Khalfan Bin Jamber building, Al Muteena Street, Deira",Dubai,04-3855999,126624,/red-table-restaurant-35716.html
Name,Location,City,Phone,P.O BOX,Companylink
"Ritaj Restaurant
",Electra St,Abu Dhabi,02-6310036,27034,/ritaj-restaurant-146543.html
"Rite Bite
","Opp Day to Day, Near Post Office, Karama",Dubai,04-3576306,44044,/rite-bite-68552.html
"Riviera Italian Restaurant
",Al Bateen,Abu Dhabi,02-6650144,16515,/riviera-italian-restaurant-118055.html
"Robertos
","Bhnd Al Mamzar Bldg, Hor Al Anz East, Deira",Dubai,04-3860066,26816,/robertos-175646.html
"Robyan Restaurant
","Opp Burjuman Centre, Trade Centre Rd, Karama",Dubai,04-2977474,211188,/robyan-restaurant-175205.html
"Rock Bottom - Regent Palace Hotel
","Beach Rotana, Al Zahiyah",Dubai,056-7425888,33716,/rock-bottom-regent-palace-hotel-113971.html
"Rodeo Grill
","Crescent Rd, Palm Jumeirah",Abu Dhabi,04-3963888,282947,/rodeo-grill-175622.html
"Ronda Locatelli
","Jumeirah Al Etihad Towers, Al Khubeirah",Dubai,02-6979012,114586,/ronda-locatelli-125572.html
"Rosewater
",Corniche Road,Abu Dhabi,04-4262626,72535,/rosewater-175718.html
"Rosina Bellina Restaurant
","Millenium Tower, Shk Zayed Road",Abu Dhabi,02-8115555,35980,/rosina-bellina-restaurant-168560.html
"Rossovivo
","Grand Shopping Mall, Al Quoz",Dubai,02-6390587,234480,/rossovivo-175774.html
Name,Location,City,Phone,P.O BOX,Companylink
"Sabir Afghan Restaurant
","318 Road, Near Grand City Mall, Al Quoz",Dubai,052-4243516,27680,/sabir-afghan-restaurant-175590.html
"Saca Advertising LLC
",Al Maktoum St,Dubai,04-2563531,20256,/saca-advertising-llc-152647.html
"Sacci
","Bhnd Dubai Islamic Bank, National Paints, Al Muweilah",Abu Dhabi,02-6169999,67993,/sacci-175719.html
"Sadaf
","Near Dana Hotel, TCA",Dubai,04-2221622,82041,/sadaf-105428.html
"Sadaf Wa Marjan Restaurant LLC
","Jamal Abdul Naser Rd, Al Majaz",Sharjah,06-5356030,28146,/sadaf-wa-marjan-restaurant-llc-146560.html
"Safari Bruasted Chicken & Refreshment
","Near UAE Exchange, Rolla Sq",Abu Dhabi,02-6450003,89051,/safari-bruasted-chicken-refreshment-131680.html
"Safeer Al Mandi
","Near Al Ansari Exchange, Al Arooba St",Sharjah,06-5444225,241473,/safeer-al-mandi-147688.html
"Safire Restaurant
",Abu Shagara,Sharjah,06-5614393,1443,/safire-restaurant-112392.html
Name,Location,City,Phone,P.O BOX,Companylink
"Salim Ali Salim Restaurant
",Al Dagaya Street,Dubai,04-2261383,5133,/salim-ali-salim-restaurant-101163.html
"Sama Al Akawi Restaurant
",Al Nahda 2,Abu Dhabi,052-2610444,8375,/sama-al-akawi-restaurant-175511.html
"Sama Al Khaleej Pastry
","Al Qasimiya St, Al Ghubaiba",Dubai,052-2610555,125981,/sama-al-khaleej-pastry-175228.html
"Samakmk Restaurant
","Near Al Sahaba Mosque, TCA",Sharjah,04-2390916,4893,/samakmk-restaurant-147326.html
"Samiramis Cafeteria
",Meena Rd,Abu Dhabi,050-9781207,20249,/samiramis-cafeteria-175494.html
"Samurai Japanese Restaurant
",Mussafah,Abu Dhabi,06-5676703,32002,/samurai-japanese-restaurant-118744.html
"Sanaya Al Thoufeeque Rest
","One Omniyat Tower, Business Bay",Abu Dhabi,02-6459034,333327,/sanaya-al-thoufeeque-rest-126030.html
"Sandwichy
",Al Qusais,Dubai,050-5667901,91753,/sandwichy-175303.html
"Sangeet Indian Multicuisine Restaurant
",Karama,Dubai,02-6766612,94637,/sangeet-indian-multicuisine-restaurant-103524.html
"Sangeeta Veg Restaurant
",Karama,Dubai,02-5559923,33228,/sangeeta-veg-restaurant-133361.html
"Sangeetha Vegetarian Restaurant LLC
",Qusais,Dubai,800245245,44489,/sangeetha-vegetarian-restaurant-llc-108479.html
Name,Location,City,Phone,P.O BOX,Companylink
"Sayad Bahar Restaurant
",Al Garhoud,Dubai,04-2288003,24611,/sayad-bahar-restaurant-175537.html
"Sayad Seafood
","Emirates Palace, Al Ras Al Akhdar",Abu Dhabi,02-6907999,11449,/sayad-seafood-175740.html
"Scantic Restaurant
","Near Bus Station, Satwa",Dubai,04-3492162,60522,/scantic-restaurant-125036.html
"Sea Mood Restaurant
","Mankhool Road, Satwa",Dubai,04-3857977,23684,/sea-mood-restaurant-175777.html
Name,Location,City,Phone,P.O BOX,Companylink
"Shahi Mughal Restaurant
","Beside Muncipality office, Satwa",Dubai,04-3440051,75232,/shahi-mughal-restaurant-175315.html
"Shahi Tandoor
","Zabeel Road, Karama",Dubai,052-5943286,48636,/shahi-tandoor-67451.html
"Shaikh Al Mandi Restaurant
",Al Barsha 1,Dubai,04-3583583,79328,/shaikh-al-mandi-restaurant-68546.html
"Shakespeare And Co
","Mubarak Al Jafla W/H, Street 12 , Al Quoz Indl Area 2",Jebel Ali,04-3929932,29128,/shakespeare-and-co-145285.html
"Shaklan Restaurant
","Beach Road, Jumeirah 3",Dubai,04-8854330,46539,/shaklan-restaurant-143790.html
"Shako Mako
","Damascus St, Al Qusais",Dubai,04-3285533,37942,/shako-mako-175569.html
Name,Location,City,Phone,P.O BOX,Companylink
"Shawarmaji
",Al Barsha,Dubai,04-4521717,812,/shawarmaji-175356.html
"Sheeshan Restaurant
","Frij Murar, Deira",Dubai,050-4605280,236177,/sheeshan-restaurant-142365.html
"Sher-E-Punjab Restaurant
","Oman St, Al Nakheel",Ras Al Khaimah,04-2730147,38107,/sher-e-punjab-restaurant-113510.html
"Shibam Hadarmout Restaurant
","Near Habtoor Auto Centre, Deira",Dubai,07-2221572,43527,/shibam-hadarmout-restaurant-161891.html
"Shish Shawerma Restaurant Est
",Corniche Rd,Abu Dhabi,04-2666024,23050,/shish-shawerma-restaurant-est-164785.html
"Shiv Sagar Restaurant LLC
","Meena Bazaar, Bur Dubai",Dubai,02-6505576,184061,/shiv-sagar-restaurant-llc-118080.html
"Shoukath Restaurant
",Karama,Dubai,04-3522020,49612,/shoukath-restaurant-144272.html
"Sigddi Restaurant LLC
","Besides Baby Shop, Al Zabel Rd, Karama",Dubai,04-3352526,52546,/sigddi-restaurant-llc-143237.html
Name,Location,City,Phone,P.O BOX,Companylink
"Soy Express
",Mussafah,Abu Dhabi,02-5508900,52100,/soy-express-147050.html
"Soyumm
","Lamcy Plaza, Karama",Dubai,04-3584584,52100,/soyumm-67460.html
"Spaccanapoli
","Crown Plaza, Al Markaziyah",Abu Dhabi,02-6166261,16837,/spaccanapoli-175722.html
"Special Group of Rest and Catering Services
",Khalidiya St,Abu Dhabi,02-6665512,1277,/special-group-of-rest-and-catering-services-133262.html
"Special Restaurant
",Backside of Deira Towers,Abu Dhabi,02-6665512,3929,/special-restaurant-146033.html
Name,Location,City,Phone,P.O BOX,Companylink
"Stills
","Crown Plaza, Yas Island",Abu Dhabi,02-6563066,48324,/stills-175724.html
"Stone Fire Pizza Kitchen
",Near Real Cinemas. The Dubai Mall,Dubai,04-3308152,502936,/stone-fire-pizza-kitchen-67464.html
"Stratos
",Al Markaziyah,Abu Dhabi,800 101101,27888,/stratos-175741.html
"Subah Hotel Management Services LLC
",Mina Rd,Abu Dhabi,02-6723321,52546,/subah-hotel-management-services-llc-140118.html
"Subhiksha Restaurant
",Hamdan St,Abu Dhabi,02-6760675,52119,/subhiksha-restaurant-147725.html
"Sublime Lounge
","Ibis Hotel, 2nd Zabeel Road",Dubai,04-3187130,95526,/sublime-lounge-67465.html
"Subway
","Blk 7, Food Court, Knowledge Village",Dubai,04-3644545,28405,/subway-131293.html
"Subway
","Times Square Centre, Sh zayed road",Dubai,04-3418808,476,/subway-68593.html
Name,Location,City,Phone,P.O BOX,Companylink
"Summerland Motel
","Opp Sharjah Grand Hotel, Port Khalid, Al Khan",Sharjah,06-5281321,6006,/summerland-motel-135656.html
"Sumo Salad
","Dubai Mall Food Court, Downtown Burj Khalifa",Dubai,04-3308063,523,/sumo-salad-62656.html
"Sumo Sushi & Bento
","Ground Floor, Building # 10, BBC Building, Dubai Media City",Dubai,04-3911041,57360,/sumo-sushi-bento-110857.html
"Sunlight Restaurant
",Hamdan St,Abu Dhabi,02-6321566,26438,/sunlight-restaurant-126815.html
"Super Kabab Iranian Restaurant
","Al Khaleej Rd, Abu Hail",Dubai,04-2685685,45863,/super-kabab-iranian-restaurant-175232.html
"Super Seven Seas Restaurants
",Bur Dubai,Dubai,050-2411998,26195,/super-seven-seas-restaurants-117719.html
"Surf Cafe Dubai
",Jumeirah Beach Road,Dubai,04-3932112,7978,/surf-cafe-dubai-175783.html
"Surya Restaurant
",Qusais,Dubai,04-3466292,115443,/surya-restaurant-144090.html
"Susana Restaurant
",Karama,Dubai,04-2678080,77671,/susana-restaurant-158786.html
"Sushi
","Grand Hyatt Hotel, Sheikh Rashid Rd, Bur Dubai",Dubai,04-3575838,333581,/sushi-62658.html
"Sushi Central
",Al Khalidiya,Abu Dhabi,04-3172222,8226,/sushi-central-175662.html
"Sushi Counter
",Dubai Media City,Dubai,600 520007,171567,/sushi-counter-175784.html
"Sushi Folie
","Holiday Inn, Al Barsha, next to Mall of the Emirates",Dubai,04-3751095,30218,/sushi-folie-62660.html
Name,Location,City,Phone,P.O BOX,Companylink
"Tabaq Restaurant
","Hamdan St, Ziani",Abu Dhabi,02-6787349,46695,/tabaq-restaurant-119605.html
"Taipei Dao
",Downtown Dubai,Dubai,04-4510694,1146,/taipei-dao-175785.html
"Taj Mahal Restaurant
","Next to Al Fujairah Jewellery, Opp ADCB",Fujairah,09-2225225,75337,/taj-mahal-restaurant-116562.html
"Tajdeed Hyderabadi Restaurant
","Gete Bldg B Block, Opp City Hotel, Rolla",Sharjah,06-5637393,66988,/tajdeed-hyderabadi-restaurant-68584.html
"Tala Semplice
","8th St., Deira City Centre",Dubai,055-7590859,91521,/tala-semplice-143086.html
"Talay Thai Restaurant
","Le Meridian, Al Zahiyah",Abu Dhabi,04-2925200,643532,/talay-thai-restaurant-175725.html
"Tamar Darbar Restaurant
","Behind Masjid Shahaba, TCA",Abu Dhabi,02-6446666,33779,/tamar-darbar-restaurant-175523.html
"Tamba Restaurant
","World Trade Centre Mall, Al Markaziyah",Abu Dhabi,02-6452221,71121,/tamba-restaurant-175726.html
Name,Location,City,Phone,P.O BOX,Companylink
"Taste Buds Restaurant FZO
","Shop 1, Apricot Building, Dubai Silicon Oasis",Dubai,04-3922283,81658,/taste-buds-restaurant-fzo-175282.html
"Taste Of India Vegetarian Restaurant
",Al Wahda,Sharjah,055-9812345,3929,/taste-of-india-vegetarian-restaurant-147705.html
"Taste Restaurant
","Hor Al Anz, Deira",Dubai,06-5484551,30430,/taste-restaurant-175346.html
"Tasty Biriyani Restaurant
",Deira,Dubai,04-2623050,22399,/tasty-biriyani-restaurant-124756.html
Name,Location,City,Phone,P.O BOX,Companylink
"The Favourite Restaurant
",Al Falah Str,Abu Dhabi,02-6412464,40032,/the-favourite-restaurant-148458.html
"The Forge
","Ritz Carlton, Al Maqta",Abu Dhabi,02-8188282,213059,/the-forge-175696.html
"The Foundry
","Southern Sun, Al Zahiyah",Abu Dhabi,02-8184888,9358,/the-foundry-175697.html
"The Gem Garden
",Shaikh Zayed Road,Dubai,04-3234333,126764,/the-gem-garden-67482.html
"The Grand Grill Steakhouse
",Shk Zayed Rd,Dubai,04-3380409,63363,/the-grand-grill-steakhouse-159152.html
Name,Location,City,Phone,P.O BOX,Companylink
"The Snack House
","Gate 1 Building, Dubai Silicon Oasis",Dubai,04-3338680,15018,/the-snack-house-175266.html
"The Stuffed Burger Company
",Airport Road,Abu Dhabi,056-4279327,42211,/the-stuffed-burger-company-175566.html
"The Terrace Restaurant
",Next to Gulf Medical University,Ajman,02-5560353,82863,/the-terrace-restaurant-142568.html
Name,Location,City,Phone,P.O BOX,Companylink
"Troyka - Ascot Hotel
","5th Flr, Burjuman Centre, Bur Dubai",Dubai,04-3520900,52555,/troyka-ascot-hotel-62627.html
"Tub Of Butter
","Al Manara, Shk Zayed Road",Dubai,04-3438884,74804,/tub-of-butter-175634.html
"Turath Al Mandi
","503, Jumeirah Beach Rd, Jumeirah 3",Dubai,04-3953555,122426,/turath-al-mandi-102640.html
"Turquoiz
",Saadiyat Island,Abu Dhabi,02-4988888,401,/turquoiz-175729.html
"Tutti Frutti Restaurant
",Al Wasit St,Sharjah,06-5668555,16913,/tutti-frutti-restaurant-111389.html
"UBK Cafe
","Movenpick, JLT",Dubai,04-4380000,79401,/ubk-cafe-175787.html
"Udupi Sagar Restaurant
","Near Astoria Hotel, Meena Bazar, Bur Dubai",Dubai,04-3799442,65214,/udupi-sagar-restaurant-175578.html
"Ultra Brasserie
",Dubai Marina,Dubai,052-3960616,14113,/ultra-brasserie-175788.html
"Union Restaurant
","Near Emirates Petrol Station, Launch R/A",Ras Al Khaimah,04-2775644,51311,/union-restaurant-138741.html
Name,Location,City,Phone,P.O BOX,Companylink
"Vascos
","Hilton, Al Khubeirah",Abu Dhabi,02-6811900,14528,/vascos-175731.html
"Vazhiyoram Thattukada
","Near National Paints, Al Muwailah",Sharjah,06-5435498,52423,/vazhiyoram-thattukada-148171.html
"Venus Restaurant
","Opposite Lulu Center, Al Karama",Dubai,04-3352113,24365,/venus-restaurant-173558.html
"Via Delhi Restaurant
","Near Lamcy, Oud Metha",Dubai,04-3448044,40696,/via-delhi-restaurant-175490.html
"Village Restaurant
","Village Hyper Market Bldg, New West Accomodation, 8th R/A, Jafza",Jebel Ali,054-4042477,6647,/village-restaurant-145540.html
"Vrindhavan Restaurant
","Bhnd Deira Taxi Stand, Deira",Dubai,04-8834844,46504,/vrindhavan-restaurant-138760.html
"Wadat Beijing Chinese Restaurant
","Bhnd Lulu Center, Near Sharjah Rotana Hotel",Sharjah,04-2273527,115867,/wadat-beijing-chinese-restaurant-150980.html
